method,catboost,lightgbm,mlp,random_forest,xgboost
ablation_full,0.4830594961510969,0.5328213306644727,0.45279178270359743,0.4829354370354202,0.4943180991515936
ablation_no_child,0.3964393741168884,0.5282542547752278,0.4855108219966394,0.5372977712408563,0.5120604569995634
ablation_no_entropy_anneal,0.49684511166747153,0.5073118199150611,0.4384260231205209,0.5264294979510663,0.4683745850652798
ablation_no_gain,0.5153408373924846,0.5139614526462387,0.46684355262848154,0.5052093607181942,0.5075236378877567
ablation_no_hist,0.5394370230281683,0.5319996140505407,0.513947080796302,0.6267583482820677,0.4889748477240728
ablation_no_margin,0.397096646588657,0.4413204230548261,0.49172955222024584,0.5113284122912658,0.41929079593498153
ablation_no_marginal,0.4276836437435061,0.4628356142170908,0.47577226096650077,0.5533744708493105,0.45955660090164974
ablation_no_newton,0.5205518921276511,0.5723418952169327,0.5628086179239125,0.5814156062979361,0.5369194894997518
ablation_no_pairwise,0.5868888007097597,0.6242028361015053,0.5151240545808539,0.5382891570992177,0.5527388439794925
distribution_matching,0.6642906821634403,0.6651348539427312,0.6253628798137333,0.7325857350598083,0.7256449818175514
full_data,0.8382905172507207,0.8220929515989865,0.7358673426966965,0.8338548217279734,0.8292154144647168
gain_herding,0.7030822315485197,0.7020070693886693,0.6643472822948071,0.7849432721822296,0.7830835890454216
gain_path_diverse,0.8284739282565864,0.8349462314751417,0.6669780447174536,0.8830737388906504,0.8717758900721715
gain_path_dual,0.8441183933359402,0.8444195478181622,0.6525807504230322,0.8912812195970055,0.8820285038498747
gain_path_herding,0.7032480319580366,0.7026866258975939,0.660334266229332,0.7859085661949798,0.7847227904929232
gain_path_prior_weighted,0.8542055640128251,0.8542363340807682,0.6533561562691053,0.8852615788571262,0.8732479934363853
gain_path_refined,0.7527869417657235,0.7533008826523767,0.6604242671661971,0.7912736498450464,0.7966288134885745
gain_path_refined_weighted,0.8771579093945933,0.8821240352356415,0.5946610138696532,0.889211953366571,0.8901936396546296
gain_path_safeguarded,0.7533740967943378,0.7536898068984439,0.6564147958550339,0.7909022877709198,0.7976972666355725
gain_weighted_coreset,0.7005337398317771,0.6974944852888059,0.6297546499302868,0.7817093349033729,0.7828444396418283
gaindistill,0.5050083198766058,0.5042361324727835,0.48325709736699,0.5201495927380873,0.5045924022004534
gaindistill_anchor,0.823388382291773,0.8229418499515297,0.6299191994043537,0.8678709598988427,0.8707263265947317
gaindistill_full,0.8222003053874762,0.8214846809796129,0.6139523491227196,0.8642398759762187,0.871013542432065
gaindistill_hybrid,0.7005337398317771,0.6974944852888059,0.6297546499302868,0.7817093349033729,0.7828444396418283
gaindistill_path_hybrid,0.7014635058868459,0.698213525458753,0.644679657833974,0.7819150396359373,0.7813261220271992
gradient_sampling,0.4268773024844714,0.42413573333809534,0.4321143588023729,0.3695108008029395,0.36895315078798496
herding,0.6855586714317288,0.6893782043567309,0.6715356068323224,0.7706445663942106,0.7666328921910502
k_center,0.6648934356069365,0.6657991173998504,0.6267437368211322,0.7331988362109576,0.7260795469686361
math_full,0.8794067298502034,0.877926096468588,0.6271051006645677,0.8926170548269536,0.8951297185421669
math_no_anchor,0.8792135367533338,0.8775893354171678,0.6376086472554567,0.891859914926203,0.8987428847475462
math_no_hist,0.8779171507511749,0.8777451413176831,0.6391426604624737,0.8925695232159475,0.8982724320923081
math_no_newton,0.8792294551447208,0.8752101998956585,0.6486654331128687,0.8912217783069167,0.8978126823294139
math_no_probes,0.8539737013914582,0.8638758408451535,0.6423956956665722,0.8922790456940644,0.8896103689032052
math_no_soft_routing,0.8586500138801252,0.8635706982704984,0.5667084855450348,0.8928833454254086,0.8818598891525943
math_root_only,0.8714881856544581,0.8739870806108134,0.5461327267678537,0.8916357074552864,0.893779067674351
math_tuned,0.8689454066675263,0.8617044156654794,0.667879887911587,0.8883909003370415,0.8822314539328717
math_tuned_more_probes,0.8688164580871856,0.8662851598431088,0.6743396973145972,0.8869690745969434,0.8860944346510102
math_tuned_no_anchor,0.8697575607020164,0.8626806607346169,0.694211286678406,0.8885284044721751,0.8831898227498471
math_tuned_no_hist,0.8714682770940263,0.8624978549305484,0.6697347210499209,0.8883990273552049,0.8810899162445177
random,0.6896715718267655,0.6894118072102795,0.6463312991140029,0.7578016790066363,0.7540694833098016
refined_no_conf,0.8552988847882014,0.8533585079546508,0.6776626940737813,0.8898916167425392,0.8808389821837903
refined_no_gain_weight,0.8592030908678375,0.8596932962251776,0.6848220238193653,0.8895373031346504,0.8815133371753806
refined_no_grad,0.8527529152631703,0.8548253230751011,0.681950048118893,0.8895971928274968,0.8800844987383628
refined_no_hess,0.8600645995103303,0.858977075914712,0.6752692810495871,0.8878424436845779,0.8838013110735132
refined_no_path,0.8523068214241476,0.8500453846096362,0.6787594666843801,0.8859006586206775,0.878021261917019
refined_no_raw,0.8557605475642613,0.8505746271198661,0.6620571135189349,0.8904999107015034,0.883261235784992
refined_no_refine,0.8544050193835088,0.8537152379854193,0.662333578454275,0.8900600249613879,0.8837718141188665
refined_path_occupancy_only,0.8538698617514074,0.8531204069519254,0.673864827214093,0.8889776340737485,0.8811769266562217
sketch_no_conf,0.9148685938782333,0.9149522888804711,0.7862513159333806,0.928431617161453,0.925343157704998
sketch_no_gain_weight,0.9159486521359211,0.9137379809571952,0.7985821954908768,0.9268793751645136,0.9248392472978162
sketch_no_grad,0.9223645076561257,0.9218743278423098,0.8011758025013641,0.9307254982474833,0.9311472842200796
sketch_no_hess,0.9117945864157665,0.9166566779396932,0.7874831225289629,0.9309658479375365,0.9284596842941835
sketch_no_raw,0.9168887004824933,0.9186511361271152,0.8065404199730113,0.9293532550320162,0.9291556493862758
sketch_occupancy_only,0.9143356515832298,0.9184846977499344,0.7818987235145762,0.9319066284403835,0.9290809231237926
tree_region,0.4268773024844714,0.42413573333809534,0.4321143588023729,0.3695108008029395,0.36895315078798496
