selector,dataset,budget,seed,chosen_method,best_method,top1,top3,rank_spearman,candidate_methods
split_regret,adult,budget_25,seed_0,histdistill_density,histdistill_density,1.0,1.0,-0.4723926380368098,17
split_regret,adult,budget_25,seed_1,mvs_coreset,gain_herding,0.0,0.0,-0.39386503067484663,17
split_regret,adult,budget_25,seed_2,distribution_matching,histdistill_refined,0.0,0.0,-0.3742331288343559,17
split_regret,adult,budget_50,seed_0,gradient_sampling,gain_herding,0.0,0.0,-0.27116564417177913,17
split_regret,adult,budget_50,seed_1,histdistill_density,gain_herding,0.0,0.0,-0.44649581598075405,17
split_regret,adult,budget_50,seed_2,gradient_sampling,gain_path_refined,0.0,0.0,-0.3265807859052556,17
split_regret,agaricus_lepiota,budget_25,seed_0,craig_coreset,gain_path_herding,0.0,0.0,-0.027663875144004136,17
split_regret,agaricus_lepiota,budget_25,seed_1,el2n_coreset,gain_herding,0.0,0.0,0.10085618407187175,17
split_regret,agaricus_lepiota,budget_25,seed_2,el2n_coreset,gain_herding,0.0,0.0,0.18553475305857514,17
split_regret,agaricus_lepiota,budget_50,seed_0,craig_coreset,craig_coreset,1.0,1.0,-0.2569921095945619,17
split_regret,agaricus_lepiota,budget_50,seed_1,craig_coreset,craig_coreset,1.0,1.0,-0.09392605020714954,17
split_regret,agaricus_lepiota,budget_50,seed_2,el2n_coreset,craig_coreset,0.0,0.0,-0.4391326932306471,17
split_regret,australian,budget_25,seed_0,distribution_matching,gain_path_refined,0.0,0.0,-0.550970098393672,17
split_regret,australian,budget_25,seed_1,random,gain_herding,0.0,1.0,-0.6061843886252714,17
split_regret,australian,budget_25,seed_2,gain_herding,gain_herding,1.0,1.0,-0.2550448360410994,17
split_regret,australian,budget_50,seed_0,gain_path_refined,gain_path_herding,0.0,0.0,-0.8305684152221878,17
split_regret,australian,budget_50,seed_1,k_center,histdistill_refined,0.0,0.0,-0.34445100697851466,17
split_regret,australian,budget_50,seed_2,craig_coreset,craig_coreset,1.0,1.0,-0.6618537642983082,17
split_regret,bank_marketing,budget_25,seed_0,gradmatch_coreset,gain_herding,0.0,0.0,-0.585276073619632,17
split_regret,bank_marketing,budget_25,seed_1,histdistill_density,gain_herding,0.0,1.0,-0.5828220858895705,17
split_regret,bank_marketing,budget_25,seed_2,herding,gain_path_herding,0.0,0.0,-0.10184049079754602,17
split_regret,bank_marketing,budget_50,seed_0,herding,gain_path_refined,0.0,0.0,0.12768572080506232,17
split_regret,bank_marketing,budget_50,seed_1,herding,histdistill_refined,0.0,0.0,-0.5018404907975461,17
split_regret,bank_marketing,budget_50,seed_2,herding,gain_path_herding,0.0,0.0,-0.34969325153374237,17
split_regret,breast_w,budget_25,seed_0,mvs_coreset,mvs_coreset,1.0,1.0,0.08973051212083387,17
split_regret,breast_w,budget_25,seed_1,el2n_coreset,craig_coreset,0.0,0.0,0.11134050093796649,17
split_regret,breast_w,budget_25,seed_2,random,mvs_coreset,0.0,0.0,-0.05386430644933846,17
split_regret,breast_w,budget_50,seed_0,histdistill_refined,mvs_coreset,0.0,0.0,-0.27612275398755765,17
split_regret,breast_w,budget_50,seed_1,histdistill_refined,el2n_coreset,0.0,0.0,0.18343039657357152,17
split_regret,breast_w,budget_50,seed_2,distribution_matching,mvs_coreset,0.0,0.0,0.2226509956254123,17
split_regret,credit_approval,budget_25,seed_0,k_center,distribution_matching,0.0,0.0,0.20155258750862265,17
split_regret,credit_approval,budget_25,seed_1,distribution_matching,histdistill_refined,0.0,0.0,-0.27469696624080203,17
split_regret,credit_approval,budget_25,seed_2,distribution_matching,histdistill_density,0.0,0.0,-0.4159631074367849,17
split_regret,credit_approval,budget_50,seed_0,gradient_sampling,el2n_coreset,0.0,0.0,0.34143125165525234,17
split_regret,credit_approval,budget_50,seed_1,craig_coreset,random,0.0,0.0,-0.5560769962575967,17
split_regret,credit_approval,budget_50,seed_2,gradient_sampling,gain_path_refined,0.0,0.0,0.408498672756928,17
split_regret,credit_g,budget_25,seed_0,gradient_sampling,gain_path_refined,0.0,0.0,-0.206261548992793,17
split_regret,credit_g,budget_25,seed_1,herding,gain_path_refined,0.0,1.0,-0.5438920607369482,17
split_regret,credit_g,budget_25,seed_2,gradient_sampling,gain_herding,0.0,0.0,-0.42357282382448563,17
split_regret,credit_g,budget_50,seed_0,histdistill_refined,gain_herding,0.0,0.0,-0.5758134909382138,17
split_regret,credit_g,budget_50,seed_1,herding,herding,1.0,1.0,-0.30552147239263805,17
split_regret,credit_g,budget_50,seed_2,histdistill_density,herding,0.0,0.0,-0.43803680981595094,17
split_regret,diabetes,budget_25,seed_0,gain_herding,gain_path_refined,0.0,0.0,-0.6720352769644787,17
split_regret,diabetes,budget_25,seed_1,gain_path_refined,gain_path_refined,1.0,1.0,-0.3294313576598962,17
split_regret,diabetes,budget_25,seed_2,distribution_matching,gain_path_refined,0.0,0.0,0.21274456395962632,17
split_regret,diabetes,budget_50,seed_0,goss_coreset,histdistill_refined,0.0,0.0,-0.03810701007834945,17
split_regret,diabetes,budget_50,seed_1,herding,gain_path_refined,0.0,0.0,-0.33375454392779214,17
split_regret,diabetes,budget_50,seed_2,distribution_matching,gain_path_herding,0.0,0.0,-0.5951996209975026,17
split_regret,electricity,budget_25,seed_0,gradient_sampling,gain_path_herding,0.0,0.0,-0.29470148836093896,17
split_regret,electricity,budget_25,seed_1,k_center,gain_path_herding,0.0,0.0,-0.551942599341743,17
split_regret,electricity,budget_25,seed_2,gradient_sampling,gain_path_herding,0.0,0.0,-0.16564114402342278,17
split_regret,electricity,budget_50,seed_0,histdistill_greedy,gain_path_herding,0.0,0.0,0.173010876001978,17
split_regret,electricity,budget_50,seed_1,histdistill_greedy,gain_herding,0.0,0.0,-0.18363427738006388,17
split_regret,electricity,budget_50,seed_2,histdistill_greedy,histdistill_refined,0.0,0.0,0.4693192155608269,17
split_regret,gametes_epistasis_2_way_1000atts_0_4h_edm_1_edm_1_1,budget_25,seed_0,gradient_sampling,gradient_sampling,1.0,1.0,-0.22140480531656634,17
split_regret,gametes_epistasis_2_way_1000atts_0_4h_edm_1_edm_1_1,budget_25,seed_1,distribution_matching,k_center,0.0,0.0,0.21717791411042944,17
split_regret,gametes_epistasis_2_way_1000atts_0_4h_edm_1_edm_1_1,budget_25,seed_2,el2n_coreset,histdistill_greedy,0.0,0.0,0.49508636868208944,17
split_regret,gametes_epistasis_2_way_1000atts_0_4h_edm_1_edm_1_1,budget_50,seed_0,el2n_coreset,distribution_matching,0.0,1.0,-0.12561662087881736,17
split_regret,gametes_epistasis_2_way_1000atts_0_4h_edm_1_edm_1_1,budget_50,seed_1,distribution_matching,gradient_sampling,0.0,0.0,0.6689427026107925,17
split_regret,gametes_epistasis_2_way_1000atts_0_4h_edm_1_edm_1_1,budget_50,seed_2,distribution_matching,el2n_coreset,0.0,0.0,-0.44403578393678295,17
split_regret,gametes_epistasis_2_way_20atts_0_1h_edm_1_1,budget_25,seed_0,gain_herding,gain_path_herding,0.0,0.0,0.4368835789690235,17
split_regret,gametes_epistasis_2_way_20atts_0_1h_edm_1_1,budget_25,seed_1,gain_herding,herding,0.0,0.0,-0.15857433226151868,17
split_regret,gametes_epistasis_2_way_20atts_0_1h_edm_1_1,budget_25,seed_2,gain_herding,herding,0.0,1.0,-0.2633743593627409,17
split_regret,gametes_epistasis_2_way_20atts_0_1h_edm_1_1,budget_50,seed_0,random,gradmatch_coreset,0.0,0.0,0.26733676519711314,17
split_regret,gametes_epistasis_2_way_20atts_0_1h_edm_1_1,budget_50,seed_1,gain_path_refined,histdistill_refined,0.0,1.0,-0.40257077061389224,17
split_regret,gametes_epistasis_2_way_20atts_0_1h_edm_1_1,budget_50,seed_2,craig_coreset,gain_path_refined,0.0,0.0,0.619686075215641,17
split_regret,gametes_epistasis_2_way_20atts_0_4h_edm_1_1,budget_25,seed_0,el2n_coreset,gain_path_refined,0.0,0.0,-0.3084563273969065,17
split_regret,gametes_epistasis_2_way_20atts_0_4h_edm_1_1,budget_25,seed_1,k_center,gradmatch_coreset,0.0,1.0,-0.4027689238439746,17
split_regret,gametes_epistasis_2_way_20atts_0_4h_edm_1_1,budget_25,seed_2,el2n_coreset,gain_path_refined,0.0,0.0,0.07616713364339837,17
split_regret,gametes_epistasis_2_way_20atts_0_4h_edm_1_1,budget_50,seed_0,craig_coreset,gain_herding,0.0,1.0,-0.03945793986422614,17
split_regret,gametes_epistasis_2_way_20atts_0_4h_edm_1_1,budget_50,seed_1,gain_herding,gain_herding,1.0,1.0,-0.27380003779048795,17
split_regret,gametes_epistasis_2_way_20atts_0_4h_edm_1_1,budget_50,seed_2,mvs_coreset,gain_herding,0.0,0.0,-0.01601986557550214,17
split_regret,gametes_epistasis_3_way_20atts_0_2h_edm_1_1,budget_25,seed_0,gain_herding,distribution_matching,0.0,0.0,0.5409785375111876,17
split_regret,gametes_epistasis_3_way_20atts_0_2h_edm_1_1,budget_25,seed_1,gain_herding,histdistill_greedy,0.0,0.0,0.025926419880103257,17
split_regret,gametes_epistasis_3_way_20atts_0_2h_edm_1_1,budget_25,seed_2,gain_path_herding,histdistill_refined,0.0,1.0,0.09329231400390771,17
split_regret,gametes_epistasis_3_way_20atts_0_2h_edm_1_1,budget_50,seed_0,gain_path_refined,histdistill_greedy,0.0,0.0,-0.41145097617885845,17
split_regret,gametes_epistasis_3_way_20atts_0_2h_edm_1_1,budget_50,seed_1,el2n_coreset,random,0.0,0.0,0.21934163293103653,17
split_regret,gametes_epistasis_3_way_20atts_0_2h_edm_1_1,budget_50,seed_2,craig_coreset,gain_herding,0.0,0.0,-0.029704085021901458,17
split_regret,gametes_heterogeneity_20atts_1600_het_0_4_0_2_50_edm_2_001,budget_25,seed_0,gain_path_refined,histdistill_greedy,0.0,0.0,-0.07673555297324543,17
split_regret,gametes_heterogeneity_20atts_1600_het_0_4_0_2_50_edm_2_001,budget_25,seed_1,gradient_sampling,gradmatch_coreset,0.0,0.0,-0.10774458550443022,17
split_regret,gametes_heterogeneity_20atts_1600_het_0_4_0_2_50_edm_2_001,budget_25,seed_2,el2n_coreset,histdistill_density,0.0,0.0,-0.32384152970403157,17
split_regret,gametes_heterogeneity_20atts_1600_het_0_4_0_2_50_edm_2_001,budget_50,seed_0,gain_path_refined,gain_path_herding,0.0,0.0,-0.0410486181617194,17
split_regret,gametes_heterogeneity_20atts_1600_het_0_4_0_2_50_edm_2_001,budget_50,seed_1,gain_herding,gradmatch_coreset,0.0,0.0,-0.17652218267235922,17
split_regret,gametes_heterogeneity_20atts_1600_het_0_4_0_2_50_edm_2_001,budget_50,seed_2,el2n_coreset,gain_path_refined,0.0,0.0,-0.1039642975766551,17
split_regret,gametes_heterogeneity_20atts_1600_het_0_4_0_2_75_edm_2_001,budget_25,seed_0,gradmatch_coreset,herding,0.0,0.0,-0.04611151317320629,17
split_regret,gametes_heterogeneity_20atts_1600_het_0_4_0_2_75_edm_2_001,budget_25,seed_1,gradmatch_coreset,histdistill_density,0.0,0.0,0.14321260505199893,17
split_regret,gametes_heterogeneity_20atts_1600_het_0_4_0_2_75_edm_2_001,budget_25,seed_2,gain_path_herding,herding,0.0,0.0,0.2381282847504118,17
split_regret,gametes_heterogeneity_20atts_1600_het_0_4_0_2_75_edm_2_001,budget_50,seed_0,gain_path_refined,k_center,0.0,0.0,0.09461397090287348,17
split_regret,gametes_heterogeneity_20atts_1600_het_0_4_0_2_75_edm_2_001,budget_50,seed_1,gradmatch_coreset,el2n_coreset,0.0,0.0,-0.47941964910670604,17
split_regret,gametes_heterogeneity_20atts_1600_het_0_4_0_2_75_edm_2_001,budget_50,seed_2,k_center,histdistill_refined,0.0,0.0,0.10584665489659371,17
split_regret,hill_valley_with_noise,budget_25,seed_0,gain_path_refined,gain_herding,0.0,1.0,-0.33107849031608966,17
split_regret,hill_valley_with_noise,budget_25,seed_1,gradmatch_coreset,gain_path_herding,0.0,0.0,-0.2862769890680212,17
split_regret,hill_valley_with_noise,budget_25,seed_2,gradmatch_coreset,histdistill_density,0.0,0.0,0.6260781551906441,17
split_regret,hill_valley_with_noise,budget_50,seed_0,gain_path_refined,herding,0.0,0.0,0.24800495771752493,17
split_regret,hill_valley_with_noise,budget_50,seed_1,gain_path_herding,el2n_coreset,0.0,0.0,-0.09944753255009663,17
split_regret,hill_valley_with_noise,budget_50,seed_2,gradmatch_coreset,gain_path_refined,0.0,0.0,0.34542160748439343,17
split_regret,hill_valley_without_noise,budget_25,seed_0,gain_herding,gradmatch_coreset,0.0,0.0,-0.09253689821907195,17
split_regret,hill_valley_without_noise,budget_25,seed_1,gain_path_herding,histdistill_greedy,0.0,0.0,-0.11076975512434226,17
split_regret,hill_valley_without_noise,budget_25,seed_2,herding,histdistill_greedy,0.0,0.0,-0.18448871313792092,17
split_regret,hill_valley_without_noise,budget_50,seed_0,k_center,gradmatch_coreset,0.0,0.0,-0.1070427002602166,17
split_regret,hill_valley_without_noise,budget_50,seed_1,goss_coreset,histdistill_greedy,0.0,0.0,0.48481444536774726,17
split_regret,hill_valley_without_noise,budget_50,seed_2,craig_coreset,random,0.0,0.0,-0.08990209141327127,17
split_regret,kr_vs_kp,budget_25,seed_0,craig_coreset,gain_path_refined,0.0,0.0,-0.8034147135302663,17
split_regret,kr_vs_kp,budget_25,seed_1,craig_coreset,gain_path_herding,0.0,0.0,-0.5953723801137388,17
split_regret,kr_vs_kp,budget_25,seed_2,distribution_matching,histdistill_refined,0.0,0.0,-0.5862056775680855,17
split_regret,kr_vs_kp,budget_50,seed_0,craig_coreset,k_center,0.0,1.0,-0.6021512480522737,17
split_regret,kr_vs_kp,budget_50,seed_1,craig_coreset,k_center,0.0,0.0,-0.42034166646243526,17
split_regret,kr_vs_kp,budget_50,seed_2,distribution_matching,k_center,0.0,0.0,-0.22659429393601363,17
split_regret,pc1,budget_25,seed_0,gain_path_herding,gain_path_herding,1.0,1.0,-0.6515337423312885,17
split_regret,pc1,budget_25,seed_1,histdistill_refined,gain_herding,0.0,1.0,-0.6973604751661097,17
split_regret,pc1,budget_25,seed_2,histdistill_refined,gain_herding,0.0,1.0,-0.6662576687116565,17
split_regret,pc1,budget_50,seed_0,histdistill_refined,histdistill_refined,1.0,1.0,-0.879754601226994,17
split_regret,pc1,budget_50,seed_1,histdistill_refined,gain_path_refined,0.0,1.0,-0.8496011422798377,17
split_regret,pc1,budget_50,seed_2,histdistill_refined,histdistill_density,0.0,1.0,-0.6466257668711657,17
split_regret,pc3,budget_25,seed_0,craig_coreset,herding,0.0,0.0,-0.11488838374576567,17
split_regret,pc3,budget_25,seed_1,histdistill_greedy,herding,0.0,0.0,-0.12828331632236126,17
split_regret,pc3,budget_25,seed_2,goss_coreset,herding,0.0,0.0,0.06153875284685681,17
split_regret,pc3,budget_50,seed_0,histdistill_greedy,gain_path_herding,0.0,0.0,0.38336222883891524,17
split_regret,pc3,budget_50,seed_1,histdistill_refined,distribution_matching,0.0,0.0,-0.236601091576647,17
split_regret,pc3,budget_50,seed_2,mvs_coreset,histdistill_density,0.0,0.0,-0.12484892198780374,17
split_regret,pc4,budget_25,seed_0,gain_herding,k_center,0.0,0.0,-0.3039112404071802,17
split_regret,pc4,budget_25,seed_1,gain_herding,gain_herding,1.0,1.0,-0.5499927981604681,17
split_regret,pc4,budget_25,seed_2,gain_herding,gain_herding,1.0,1.0,-0.7383123171572454,17
split_regret,pc4,budget_50,seed_0,gain_herding,histdistill_refined,0.0,0.0,-0.6714967558458799,17
split_regret,pc4,budget_50,seed_1,distribution_matching,histdistill_refined,0.0,0.0,-0.7882969661316085,17
split_regret,pc4,budget_50,seed_2,craig_coreset,herding,0.0,0.0,-0.6938345074566501,17
split_regret,phoneme,budget_25,seed_0,k_center,gain_path_herding,0.0,0.0,0.6125333210025348,17
split_regret,phoneme,budget_25,seed_1,gradient_sampling,gain_path_herding,0.0,0.0,0.12567075997442448,17
split_regret,phoneme,budget_25,seed_2,gain_path_refined,gain_herding,0.0,0.0,-0.6402752954688554,17
split_regret,phoneme,budget_50,seed_0,k_center,gain_path_herding,0.0,0.0,0.6604650256778342,17
split_regret,phoneme,budget_50,seed_1,k_center,gain_herding,0.0,0.0,0.5296385608903155,17
split_regret,phoneme,budget_50,seed_2,k_center,histdistill_density,0.0,0.0,0.2414301830749452,17
split_regret,qsar_biodeg,budget_25,seed_0,el2n_coreset,histdistill_density,0.0,0.0,0.06376120901027485,17
split_regret,qsar_biodeg,budget_25,seed_1,distribution_matching,gain_path_refined,0.0,0.0,-0.40049663938755353,17
split_regret,qsar_biodeg,budget_25,seed_2,random,gain_herding,0.0,0.0,-0.2637246301054043,17
split_regret,qsar_biodeg,budget_50,seed_0,craig_coreset,gain_path_herding,0.0,0.0,-0.3385266158686014,17
split_regret,qsar_biodeg,budget_50,seed_1,gradient_sampling,gain_path_refined,0.0,0.0,0.5983147071450614,17
split_regret,qsar_biodeg,budget_50,seed_2,random,mvs_coreset,0.0,1.0,-0.10410030133824412,17
split_regret,sick,budget_25,seed_0,distribution_matching,gain_herding,0.0,1.0,-0.12230142884495178,17
split_regret,sick,budget_25,seed_1,distribution_matching,gain_herding,0.0,1.0,-0.19645877918204518,17
split_regret,sick,budget_25,seed_2,distribution_matching,gain_path_refined,0.0,0.0,-0.18645328148324214,17
split_regret,sick,budget_50,seed_0,gradient_sampling,k_center,0.0,0.0,0.2802277776416235,17
split_regret,sick,budget_50,seed_1,distribution_matching,k_center,0.0,0.0,-0.2550355497516644,17
split_regret,sick,budget_50,seed_2,gradient_sampling,k_center,0.0,0.0,0.3331841199727583,17
split_regret,spambase,budget_25,seed_0,histdistill_density,gradmatch_coreset,0.0,0.0,-0.14978517248286158,17
split_regret,spambase,budget_25,seed_1,gain_path_herding,herding,0.0,1.0,-0.5288343558282209,17
split_regret,spambase,budget_25,seed_2,gain_herding,herding,0.0,0.0,-0.5312883435582823,17
split_regret,spambase,budget_50,seed_0,random,gain_herding,0.0,0.0,-0.12392638036809818,17
split_regret,spambase,budget_50,seed_1,gain_path_refined,gain_path_refined,1.0,1.0,-0.5586250285221477,17
split_regret,spambase,budget_50,seed_2,gain_herding,distribution_matching,0.0,1.0,-0.480049200334417,17
split_regret,tic_tac_toe,budget_25,seed_0,craig_coreset,histdistill_density,0.0,0.0,-0.6255824477538539,17
split_regret,tic_tac_toe,budget_25,seed_1,goss_coreset,histdistill_density,0.0,0.0,-0.5419210831613968,17
split_regret,tic_tac_toe,budget_25,seed_2,goss_coreset,gain_path_herding,0.0,0.0,-0.4334376538002311,17
split_regret,tic_tac_toe,budget_50,seed_0,craig_coreset,k_center,0.0,1.0,-0.6548222555900249,17
split_regret,tic_tac_toe,budget_50,seed_1,distribution_matching,k_center,0.0,0.0,-0.33200899742322787,17
split_regret,tic_tac_toe,budget_50,seed_2,craig_coreset,craig_coreset,1.0,1.0,-0.7802692009639127,17
sld,adult,budget_25,seed_0,histdistill_density,histdistill_density,1.0,1.0,-0.41754385964912283,12
sld,adult,budget_25,seed_1,random,gain_path_refined,0.0,0.0,-0.5228070175438596,12
sld,adult,budget_25,seed_2,gradmatch_coreset,histdistill_refined,0.0,0.0,-0.5578947368421053,12
sld,adult,budget_50,seed_0,histdistill_refined,gain_path_refined,0.0,1.0,-0.3964912280701755,12
sld,adult,budget_50,seed_1,random,gain_path_refined,0.0,1.0,-0.2771929824561404,12
sld,adult,budget_50,seed_2,histdistill_refined,gain_path_refined,0.0,1.0,-0.6280701754385966,12
sld,agaricus_lepiota,budget_25,seed_0,craig_coreset,gain_path_refined,0.0,1.0,-0.8456140350877194,12
sld,agaricus_lepiota,budget_25,seed_1,craig_coreset,gain_path_refined,0.0,0.0,-0.775438596491228,12
sld,agaricus_lepiota,budget_25,seed_2,histdistill_refined,gain_path_refined,0.0,1.0,-0.8245614035087719,12
sld,agaricus_lepiota,budget_50,seed_0,craig_coreset,craig_coreset,1.0,1.0,-0.4526315789473685,12
sld,agaricus_lepiota,budget_50,seed_1,craig_coreset,craig_coreset,1.0,1.0,-0.775438596491228,12
sld,agaricus_lepiota,budget_50,seed_2,histdistill_refined,craig_coreset,0.0,0.0,-0.4947368421052632,12
sld,australian,budget_25,seed_0,gain_path_refined,gain_path_refined,1.0,1.0,-0.7473684210526317,12
sld,australian,budget_25,seed_1,histdistill_density,random,0.0,1.0,-0.33333333333333337,12
sld,australian,budget_25,seed_2,histdistill_density,random,0.0,0.0,-0.40350877192982465,12
sld,australian,budget_50,seed_0,gain_path_refined,histdistill_refined,0.0,1.0,-0.8105263157894738,12
sld,australian,budget_50,seed_1,gain_path_refined,histdistill_refined,0.0,0.0,-0.8245614035087719,12
sld,australian,budget_50,seed_2,histdistill_refined,craig_coreset,0.0,1.0,-0.33333333333333337,12
sld,bank_marketing,budget_25,seed_0,histdistill_greedy,histdistill_density,0.0,0.0,0.3824561403508772,12
sld,bank_marketing,budget_25,seed_1,histdistill_greedy,histdistill_density,0.0,0.0,-0.2280701754385965,12
sld,bank_marketing,budget_25,seed_2,histdistill_greedy,gain_path_refined,0.0,0.0,0.4456140350877193,12
sld,bank_marketing,budget_50,seed_0,histdistill_greedy,gain_path_refined,0.0,0.0,0.5017543859649123,12
sld,bank_marketing,budget_50,seed_1,histdistill_greedy,histdistill_refined,0.0,0.0,0.40350877192982465,12
sld,bank_marketing,budget_50,seed_2,histdistill_greedy,histdistill_refined,0.0,0.0,-0.08771929824561404,12
sld,breast_w,budget_25,seed_0,craig_coreset,mvs_coreset,0.0,0.0,-0.27017543859649124,12
sld,breast_w,budget_25,seed_1,gain_path_refined,craig_coreset,0.0,0.0,-0.21403508771929827,12
sld,breast_w,budget_25,seed_2,histdistill_refined,mvs_coreset,0.0,0.0,0.2,12
sld,breast_w,budget_50,seed_0,histdistill_density,mvs_coreset,0.0,0.0,-0.003508771929824562,12
sld,breast_w,budget_50,seed_1,histdistill_refined,el2n_coreset,0.0,0.0,0.2636207937660764,12
sld,breast_w,budget_50,seed_2,histdistill_density,mvs_coreset,0.0,0.0,-0.6070175438596492,12
sld,credit_approval,budget_25,seed_0,histdistill_refined,herding,0.0,0.0,-0.6116002415372972,12
sld,credit_approval,budget_25,seed_1,histdistill_greedy,histdistill_refined,0.0,0.0,-0.15087719298245614,12
sld,credit_approval,budget_25,seed_2,random,histdistill_density,0.0,0.0,-0.3936737186906741,12
sld,credit_approval,budget_50,seed_0,histdistill_greedy,el2n_coreset,0.0,0.0,-0.08070175438596491,12
sld,credit_approval,budget_50,seed_1,histdistill_refined,random,0.0,1.0,0.0736842105263158,12
sld,credit_approval,budget_50,seed_2,histdistill_refined,gain_path_refined,0.0,1.0,-0.1929824561403509,12
sld,credit_g,budget_25,seed_0,herding,gain_path_refined,0.0,0.0,-0.7824561403508773,12
sld,credit_g,budget_25,seed_1,mvs_coreset,gain_path_refined,0.0,0.0,-0.4526315789473685,12
sld,credit_g,budget_25,seed_2,histdistill_refined,histdistill_refined,1.0,1.0,-0.536842105263158,12
sld,credit_g,budget_50,seed_0,mvs_coreset,herding,0.0,0.0,-0.46666666666666673,12
sld,credit_g,budget_50,seed_1,histdistill_density,herding,0.0,0.0,-0.4456140350877193,12
sld,credit_g,budget_50,seed_2,histdistill_density,herding,0.0,1.0,-0.41754385964912283,12
sld,diabetes,budget_25,seed_0,histdistill_refined,gain_path_refined,0.0,1.0,-0.6210526315789474,12
sld,diabetes,budget_25,seed_1,histdistill_refined,gain_path_refined,0.0,1.0,-0.3403508771929825,12
sld,diabetes,budget_25,seed_2,histdistill_refined,gain_path_refined,0.0,1.0,-0.5438596491228072,12
sld,diabetes,budget_50,seed_0,histdistill_refined,histdistill_refined,1.0,1.0,0.052631578947368425,12
sld,diabetes,budget_50,seed_1,histdistill_refined,gain_path_refined,0.0,1.0,-0.26315789473684215,12
sld,diabetes,budget_50,seed_2,histdistill_density,gain_path_refined,0.0,1.0,-0.33333333333333337,12
sld,electricity,budget_25,seed_0,gain_path_refined,gain_path_refined,1.0,1.0,-0.4947368421052632,12
sld,electricity,budget_25,seed_1,mvs_coreset,histdistill_refined,0.0,0.0,0.3403508771929825,12
sld,electricity,budget_25,seed_2,mvs_coreset,gain_path_refined,0.0,0.0,0.08771929824561404,12
sld,electricity,budget_50,seed_0,goss_coreset,gain_path_refined,0.0,0.0,-0.3473684210526316,12
sld,electricity,budget_50,seed_1,el2n_coreset,gain_path_refined,0.0,0.0,-0.1929824561403509,12
sld,electricity,budget_50,seed_2,histdistill_density,histdistill_refined,0.0,1.0,-0.649122807017544,12
sld,gametes_epistasis_2_way_1000atts_0_4h_edm_1_edm_1_1,budget_25,seed_0,gain_path_refined,goss_coreset,0.0,0.0,-0.05964912280701754,12
sld,gametes_epistasis_2_way_1000atts_0_4h_edm_1_edm_1_1,budget_25,seed_1,gain_path_refined,craig_coreset,0.0,1.0,0.031578947368421054,12
sld,gametes_epistasis_2_way_1000atts_0_4h_edm_1_edm_1_1,budget_25,seed_2,histdistill_refined,histdistill_greedy,0.0,0.0,0.3684210526315789,12
sld,gametes_epistasis_2_way_1000atts_0_4h_edm_1_edm_1_1,budget_50,seed_0,histdistill_refined,el2n_coreset,0.0,1.0,0.27017543859649124,12
sld,gametes_epistasis_2_way_1000atts_0_4h_edm_1_edm_1_1,budget_50,seed_1,gain_path_refined,histdistill_density,0.0,1.0,-0.41754385964912283,12
sld,gametes_epistasis_2_way_1000atts_0_4h_edm_1_edm_1_1,budget_50,seed_2,gain_path_refined,el2n_coreset,0.0,0.0,0.45964912280701764,12
sld,gametes_epistasis_2_way_20atts_0_1h_edm_1_1,budget_25,seed_0,histdistill_refined,histdistill_density,0.0,0.0,-0.48070175438596496,12
sld,gametes_epistasis_2_way_20atts_0_1h_edm_1_1,budget_25,seed_1,histdistill_refined,herding,0.0,0.0,-0.3473684210526316,12
sld,gametes_epistasis_2_way_20atts_0_1h_edm_1_1,budget_25,seed_2,histdistill_density,herding,0.0,0.0,-0.4456140350877193,12
sld,gametes_epistasis_2_way_20atts_0_1h_edm_1_1,budget_50,seed_0,histdistill_refined,gradmatch_coreset,0.0,1.0,-0.5087719298245614,12
sld,gametes_epistasis_2_way_20atts_0_1h_edm_1_1,budget_50,seed_1,histdistill_refined,histdistill_refined,1.0,1.0,-0.6140350877192983,12
sld,gametes_epistasis_2_way_20atts_0_1h_edm_1_1,budget_50,seed_2,histdistill_refined,gain_path_refined,0.0,0.0,-0.6701754385964913,12
sld,gametes_epistasis_2_way_20atts_0_4h_edm_1_1,budget_25,seed_0,histdistill_density,gain_path_refined,0.0,1.0,-0.7894736842105264,12
sld,gametes_epistasis_2_way_20atts_0_4h_edm_1_1,budget_25,seed_1,histdistill_refined,gradmatch_coreset,0.0,0.0,-0.536842105263158,12
sld,gametes_epistasis_2_way_20atts_0_4h_edm_1_1,budget_25,seed_2,histdistill_refined,gain_path_refined,0.0,1.0,-0.6771929824561405,12
sld,gametes_epistasis_2_way_20atts_0_4h_edm_1_1,budget_50,seed_0,histdistill_refined,random,0.0,0.0,-0.05964912280701754,12
sld,gametes_epistasis_2_way_20atts_0_4h_edm_1_1,budget_50,seed_1,histdistill_density,random,0.0,0.0,-0.4323381017763653,12
sld,gametes_epistasis_2_way_20atts_0_4h_edm_1_1,budget_50,seed_2,histdistill_refined,histdistill_density,0.0,1.0,-0.5578947368421053,12
sld,gametes_epistasis_3_way_20atts_0_2h_edm_1_1,budget_25,seed_0,herding,histdistill_refined,0.0,0.0,-0.5438596491228072,12
sld,gametes_epistasis_3_way_20atts_0_2h_edm_1_1,budget_25,seed_1,histdistill_refined,histdistill_greedy,0.0,0.0,0.23508771929824562,12
sld,gametes_epistasis_3_way_20atts_0_2h_edm_1_1,budget_25,seed_2,herding,histdistill_refined,0.0,0.0,-0.3754385964912281,12
sld,gametes_epistasis_3_way_20atts_0_2h_edm_1_1,budget_50,seed_0,histdistill_refined,histdistill_greedy,0.0,1.0,-0.15789473684210528,12
sld,gametes_epistasis_3_way_20atts_0_2h_edm_1_1,budget_50,seed_1,gain_path_refined,random,0.0,0.0,0.17192982456140354,12
sld,gametes_epistasis_3_way_20atts_0_2h_edm_1_1,budget_50,seed_2,histdistill_refined,histdistill_greedy,0.0,0.0,-0.3754385964912281,12
sld,gametes_heterogeneity_20atts_1600_het_0_4_0_2_50_edm_2_001,budget_25,seed_0,histdistill_density,histdistill_greedy,0.0,1.0,-0.5017543859649123,12
sld,gametes_heterogeneity_20atts_1600_het_0_4_0_2_50_edm_2_001,budget_25,seed_1,herding,gradmatch_coreset,0.0,1.0,-0.29824561403508776,12
sld,gametes_heterogeneity_20atts_1600_het_0_4_0_2_50_edm_2_001,budget_25,seed_2,histdistill_refined,histdistill_density,0.0,1.0,-0.8385964912280702,12
sld,gametes_heterogeneity_20atts_1600_het_0_4_0_2_50_edm_2_001,budget_50,seed_0,histdistill_density,histdistill_refined,0.0,1.0,-0.8385964912280702,12
sld,gametes_heterogeneity_20atts_1600_het_0_4_0_2_50_edm_2_001,budget_50,seed_1,histdistill_refined,gradmatch_coreset,0.0,1.0,-0.3473684210526316,12
sld,gametes_heterogeneity_20atts_1600_het_0_4_0_2_50_edm_2_001,budget_50,seed_2,histdistill_refined,gain_path_refined,0.0,0.0,-0.6842105263157895,12
sld,gametes_heterogeneity_20atts_1600_het_0_4_0_2_75_edm_2_001,budget_25,seed_0,histdistill_density,herding,0.0,1.0,-0.45964912280701764,12
sld,gametes_heterogeneity_20atts_1600_het_0_4_0_2_75_edm_2_001,budget_25,seed_1,histdistill_density,histdistill_density,1.0,1.0,-0.6842105263157895,12
sld,gametes_heterogeneity_20atts_1600_het_0_4_0_2_75_edm_2_001,budget_25,seed_2,histdistill_refined,herding,0.0,0.0,0.24912280701754388,12
sld,gametes_heterogeneity_20atts_1600_het_0_4_0_2_75_edm_2_001,budget_50,seed_0,histdistill_refined,random,0.0,0.0,-0.24210526315789477,12
sld,gametes_heterogeneity_20atts_1600_het_0_4_0_2_75_edm_2_001,budget_50,seed_1,gain_path_refined,el2n_coreset,0.0,0.0,-0.003508771929824562,12
sld,gametes_heterogeneity_20atts_1600_het_0_4_0_2_75_edm_2_001,budget_50,seed_2,histdistill_refined,histdistill_refined,1.0,1.0,-0.8385964912280702,12
sld,hill_valley_with_noise,budget_25,seed_0,gain_path_refined,gain_path_refined,1.0,1.0,-0.5719298245614036,12
sld,hill_valley_with_noise,budget_25,seed_1,gain_path_refined,mvs_coreset,0.0,0.0,0.35438596491228075,12
sld,hill_valley_with_noise,budget_25,seed_2,histdistill_refined,histdistill_density,0.0,0.0,0.052631578947368425,12
sld,hill_valley_with_noise,budget_50,seed_0,histdistill_refined,herding,0.0,0.0,-0.01754385964912281,12
sld,hill_valley_with_noise,budget_50,seed_1,histdistill_refined,el2n_coreset,0.0,0.0,0.10877192982456142,12
sld,hill_valley_with_noise,budget_50,seed_2,gain_path_refined,gain_path_refined,1.0,1.0,-0.3263157894736842,12
sld,hill_valley_without_noise,budget_25,seed_0,gain_path_refined,gradmatch_coreset,0.0,0.0,0.7824561403508773,12
sld,hill_valley_without_noise,budget_25,seed_1,gain_path_refined,histdistill_greedy,0.0,0.0,0.7122807017543861,12
sld,hill_valley_without_noise,budget_25,seed_2,histdistill_refined,histdistill_greedy,0.0,0.0,0.3473684210526316,12
sld,hill_valley_without_noise,budget_50,seed_0,histdistill_refined,gradmatch_coreset,0.0,0.0,0.5789473684210527,12
sld,hill_valley_without_noise,budget_50,seed_1,histdistill_refined,histdistill_greedy,0.0,0.0,0.5438596491228072,12
sld,hill_valley_without_noise,budget_50,seed_2,histdistill_density,random,0.0,0.0,0.6000000000000001,12
sld,kr_vs_kp,budget_25,seed_0,gain_path_refined,gain_path_refined,1.0,1.0,-0.6537795685398695,12
sld,kr_vs_kp,budget_25,seed_1,random,histdistill_refined,0.0,0.0,-0.7135336151268469,12
sld,kr_vs_kp,budget_25,seed_2,histdistill_density,histdistill_refined,0.0,1.0,-0.7065037272930847,12
sld,kr_vs_kp,budget_50,seed_0,el2n_coreset,craig_coreset,0.0,0.0,0.30931506468552966,12
sld,kr_vs_kp,budget_50,seed_1,gradmatch_coreset,gain_path_refined,0.0,0.0,-0.3233748403530537,12
sld,kr_vs_kp,budget_50,seed_2,gradmatch_coreset,craig_coreset,0.0,0.0,-0.372584055189388,12
sld,pc1,budget_25,seed_0,mvs_coreset,histdistill_density,0.0,0.0,0.6140350877192983,12
sld,pc1,budget_25,seed_1,mvs_coreset,histdistill_refined,0.0,0.0,0.2280701754385965,12
sld,pc1,budget_25,seed_2,el2n_coreset,histdistill_refined,0.0,0.0,0.31929824561403514,12
sld,pc1,budget_50,seed_0,goss_coreset,histdistill_refined,0.0,0.0,-0.09473684210526317,12
sld,pc1,budget_50,seed_1,goss_coreset,gain_path_refined,0.0,0.0,-0.3403508771929825,12
sld,pc1,budget_50,seed_2,el2n_coreset,histdistill_density,0.0,0.0,0.20701754385964916,12
sld,pc3,budget_25,seed_0,histdistill_refined,herding,0.0,0.0,-0.06666666666666667,12
sld,pc3,budget_25,seed_1,histdistill_density,herding,0.0,1.0,-0.5017543859649123,12
sld,pc3,budget_25,seed_2,histdistill_refined,herding,0.0,0.0,-0.18596491228070178,12
sld,pc3,budget_50,seed_0,histdistill_refined,histdistill_density,0.0,0.0,-0.5017543859649123,12
sld,pc3,budget_50,seed_1,histdistill_refined,herding,0.0,1.0,-0.36140350877192984,12
sld,pc3,budget_50,seed_2,histdistill_refined,histdistill_density,0.0,1.0,-0.7052631578947368,12
sld,pc4,budget_25,seed_0,histdistill_refined,gain_path_refined,0.0,1.0,-0.6631578947368422,12
sld,pc4,budget_25,seed_1,random,gain_path_refined,0.0,1.0,-0.6631578947368422,12
sld,pc4,budget_25,seed_2,histdistill_refined,histdistill_density,0.0,0.0,-0.29122807017543867,12
sld,pc4,budget_50,seed_0,craig_coreset,histdistill_refined,0.0,0.0,0.03859649122807018,12
sld,pc4,budget_50,seed_1,histdistill_greedy,histdistill_refined,0.0,0.0,-0.1298245614035088,12
sld,pc4,budget_50,seed_2,histdistill_greedy,herding,0.0,0.0,-0.010526315789473684,12
sld,phoneme,budget_25,seed_0,histdistill_refined,gain_path_refined,0.0,1.0,-0.6421052631578947,12
sld,phoneme,budget_25,seed_1,histdistill_refined,gain_path_refined,0.0,1.0,-0.35438596491228075,12
sld,phoneme,budget_25,seed_2,random,histdistill_density,0.0,0.0,0.3754385964912281,12
sld,phoneme,budget_50,seed_0,histdistill_greedy,histdistill_refined,0.0,0.0,-0.17192982456140354,12
sld,phoneme,budget_50,seed_1,histdistill_refined,histdistill_refined,1.0,1.0,-0.4736842105263159,12
sld,phoneme,budget_50,seed_2,random,histdistill_density,0.0,0.0,-0.0736842105263158,12
sld,qsar_biodeg,budget_25,seed_0,gain_path_refined,histdistill_density,0.0,1.0,-0.5789473684210527,12
sld,qsar_biodeg,budget_25,seed_1,histdistill_density,gain_path_refined,0.0,1.0,-0.4736842105263159,12
sld,qsar_biodeg,budget_25,seed_2,el2n_coreset,herding,0.0,0.0,-0.010526315789473684,12
sld,qsar_biodeg,budget_50,seed_0,histdistill_greedy,histdistill_density,0.0,0.0,-0.5438596491228072,12
sld,qsar_biodeg,budget_50,seed_1,gain_path_refined,gain_path_refined,1.0,1.0,-0.6280701754385966,12
sld,qsar_biodeg,budget_50,seed_2,histdistill_density,mvs_coreset,0.0,1.0,-0.11578947368421053,12
sld,sick,budget_25,seed_0,random,gain_path_refined,0.0,0.0,-0.7052631578947368,12
sld,sick,budget_25,seed_1,histdistill_density,histdistill_density,1.0,1.0,-0.8189819326332775,12
sld,sick,budget_25,seed_2,gain_path_refined,gain_path_refined,1.0,1.0,-0.5719298245614036,12
sld,sick,budget_50,seed_0,random,gain_path_refined,0.0,0.0,-0.6280701754385966,12
sld,sick,budget_50,seed_1,histdistill_density,el2n_coreset,0.0,1.0,-0.5131818118646287,12
sld,sick,budget_50,seed_2,random,gain_path_refined,0.0,1.0,-0.5789473684210527,12
sld,spambase,budget_25,seed_0,histdistill_density,gradmatch_coreset,0.0,0.0,0.01754385964912281,12
sld,spambase,budget_25,seed_1,craig_coreset,herding,0.0,0.0,-0.15789473684210528,12
sld,spambase,budget_25,seed_2,craig_coreset,herding,0.0,0.0,-0.3824561403508772,12
sld,spambase,budget_50,seed_0,mvs_coreset,histdistill_density,0.0,1.0,-0.4736842105263159,12
sld,spambase,budget_50,seed_1,el2n_coreset,gain_path_refined,0.0,0.0,0.0456140350877193,12
sld,spambase,budget_50,seed_2,gain_path_refined,herding,0.0,1.0,-0.8385964912280702,12
sld,tic_tac_toe,budget_25,seed_0,histdistill_density,histdistill_density,1.0,1.0,-0.3403508771929825,12
sld,tic_tac_toe,budget_25,seed_1,histdistill_density,histdistill_density,1.0,1.0,-0.46666666666666673,12
sld,tic_tac_toe,budget_25,seed_2,histdistill_refined,gain_path_refined,0.0,1.0,-0.6771929824561405,12
sld,tic_tac_toe,budget_50,seed_0,histdistill_refined,craig_coreset,0.0,0.0,-0.05964912280701754,12
sld,tic_tac_toe,budget_50,seed_1,histdistill_refined,el2n_coreset,0.0,1.0,0.03859649122807018,12
sld,tic_tac_toe,budget_50,seed_2,histdistill_density,craig_coreset,0.0,1.0,-0.5438596491228072,12
