method,learner,rank
ablation_full,catboost,54.0
ablation_full,lightgbm,52.8
ablation_full,mlp,47.7
ablation_full,random_forest,53.6
ablation_full,xgboost,56.5
ablation_no_child,catboost,55.8
ablation_no_child,lightgbm,53.4
ablation_no_child,mlp,47.7
ablation_no_child,random_forest,53.2
ablation_no_child,xgboost,56.8
ablation_no_entropy_anneal,catboost,54.8
ablation_no_entropy_anneal,lightgbm,55.4
ablation_no_entropy_anneal,mlp,58.6
ablation_no_entropy_anneal,random_forest,53.0
ablation_no_entropy_anneal,xgboost,58.6
ablation_no_gain,catboost,53.4
ablation_no_gain,lightgbm,53.8
ablation_no_gain,mlp,51.2
ablation_no_gain,random_forest,53.8
ablation_no_gain,xgboost,56.4
ablation_no_hist,catboost,52.6
ablation_no_hist,lightgbm,52.0
ablation_no_hist,mlp,45.9
ablation_no_hist,random_forest,48.2
ablation_no_hist,xgboost,57.6
ablation_no_margin,catboost,57.0
ablation_no_margin,lightgbm,57.0
ablation_no_margin,mlp,51.0
ablation_no_margin,random_forest,54.2
ablation_no_margin,xgboost,60.2
ablation_no_marginal,catboost,57.0
ablation_no_marginal,lightgbm,56.0
ablation_no_marginal,mlp,48.3
ablation_no_marginal,random_forest,52.2
ablation_no_marginal,xgboost,59.5
ablation_no_newton,catboost,51.8
ablation_no_newton,lightgbm,49.4
ablation_no_newton,mlp,32.5
ablation_no_newton,random_forest,51.6
ablation_no_newton,xgboost,55.7
ablation_no_pairwise,catboost,49.6
ablation_no_pairwise,lightgbm,48.6
ablation_no_pairwise,mlp,41.0
ablation_no_pairwise,random_forest,53.0
ablation_no_pairwise,xgboost,53.7
craig_coreset,catboost,23.403846153846153
craig_coreset,lightgbm,23.76923076923077
craig_coreset,mlp,22.76923076923077
craig_coreset,random_forest,21.307692307692307
craig_coreset,xgboost,25.942307692307693
distribution_matching,catboost,16.778846153846153
distribution_matching,lightgbm,17.048076923076923
distribution_matching,mlp,15.634615384615385
distribution_matching,random_forest,18.403846153846153
distribution_matching,xgboost,20.177884615384617
el2n_coreset,catboost,21.442307692307693
el2n_coreset,lightgbm,20.403846153846153
el2n_coreset,mlp,27.432692307692307
el2n_coreset,random_forest,24.971153846153847
el2n_coreset,xgboost,25.41346153846154
full_data,catboost,3.1634615384615383
full_data,lightgbm,3.7596153846153846
full_data,mlp,5.173076923076923
full_data,random_forest,2.644230769230769
full_data,xgboost,3.5096153846153846
gain_herding,catboost,10.403846153846153
gain_herding,lightgbm,10.432692307692308
gain_herding,mlp,11.096153846153847
gain_herding,random_forest,9.288461538461538
gain_herding,xgboost,10.740384615384615
gain_path_diverse,catboost,32.125
gain_path_diverse,lightgbm,30.25
gain_path_diverse,mlp,28.875
gain_path_diverse,random_forest,18.625
gain_path_diverse,xgboost,25.09375
gain_path_dual,catboost,17.1875
gain_path_dual,lightgbm,17.65625
gain_path_dual,mlp,28.34375
gain_path_dual,random_forest,12.1875
gain_path_dual,xgboost,19.03125
gain_path_herding,catboost,10.283653846153847
gain_path_herding,lightgbm,10.264423076923077
gain_path_herding,mlp,11.884615384615385
gain_path_herding,random_forest,8.533653846153847
gain_path_herding,xgboost,9.23076923076923
gain_path_prior_weighted,catboost,18.5
gain_path_prior_weighted,lightgbm,16.09375
gain_path_prior_weighted,mlp,30.0625
gain_path_prior_weighted,random_forest,18.3125
gain_path_prior_weighted,xgboost,22.875
gain_path_refined,catboost,7.884615384615385
gain_path_refined,lightgbm,7.846153846153846
gain_path_refined,mlp,8.676923076923076
gain_path_refined,random_forest,7.619230769230769
gain_path_refined,xgboost,8.015384615384615
gain_path_refined_weighted,catboost,20.125
gain_path_refined_weighted,lightgbm,14.8125
gain_path_refined_weighted,mlp,43.9375
gain_path_refined_weighted,random_forest,26.625
gain_path_refined_weighted,xgboost,24.25
gain_path_safeguarded,catboost,11.64423076923077
gain_path_safeguarded,lightgbm,10.663461538461538
gain_path_safeguarded,mlp,14.884615384615385
gain_path_safeguarded,random_forest,10.413461538461538
gain_path_safeguarded,xgboost,11.60576923076923
gain_weighted_coreset,catboost,11.98076923076923
gain_weighted_coreset,lightgbm,12.0
gain_weighted_coreset,mlp,16.110576923076923
gain_weighted_coreset,random_forest,9.971153846153847
gain_weighted_coreset,xgboost,11.048076923076923
gaindistill,catboost,21.490384615384617
gaindistill,lightgbm,21.346153846153847
gaindistill,mlp,21.942307692307693
gaindistill,random_forest,23.298076923076923
gaindistill,xgboost,25.10576923076923
gaindistill_anchor,catboost,24.208333333333332
gaindistill_anchor,lightgbm,25.791666666666668
gaindistill_anchor,mlp,22.875
gaindistill_anchor,random_forest,25.125
gaindistill_anchor,xgboost,16.875
gaindistill_full,catboost,24.5
gaindistill_full,lightgbm,27.375
gaindistill_full,mlp,28.458333333333332
gaindistill_full,random_forest,25.875
gaindistill_full,xgboost,16.291666666666668
gaindistill_hybrid,catboost,11.98076923076923
gaindistill_hybrid,lightgbm,12.0
gaindistill_hybrid,mlp,16.110576923076923
gaindistill_hybrid,random_forest,9.971153846153847
gaindistill_hybrid,xgboost,11.048076923076923
gaindistill_path_hybrid,catboost,11.057692307692308
gaindistill_path_hybrid,lightgbm,10.971153846153847
gaindistill_path_hybrid,mlp,14.01923076923077
gaindistill_path_hybrid,random_forest,9.649038461538462
gaindistill_path_hybrid,xgboost,10.038461538461538
goss_coreset,catboost,21.826923076923077
goss_coreset,lightgbm,21.903846153846153
goss_coreset,mlp,25.557692307692307
goss_coreset,random_forest,24.432692307692307
goss_coreset,xgboost,26.125
gradient_sampling,catboost,22.134615384615383
gradient_sampling,lightgbm,21.826923076923077
gradient_sampling,mlp,24.317307692307693
gradient_sampling,random_forest,23.778846153846153
gradient_sampling,xgboost,25.83653846153846
gradmatch_coreset,catboost,21.134615384615383
gradmatch_coreset,lightgbm,21.846153846153847
gradmatch_coreset,mlp,21.028846153846153
gradmatch_coreset,random_forest,20.365384615384617
gradmatch_coreset,xgboost,25.21153846153846
grand_coreset,catboost,21.442307692307693
grand_coreset,lightgbm,20.403846153846153
grand_coreset,mlp,27.432692307692307
grand_coreset,random_forest,24.971153846153847
grand_coreset,xgboost,25.41346153846154
herding,catboost,11.6
herding,lightgbm,11.307692307692308
herding,mlp,9.238461538461538
herding,random_forest,10.892307692307693
herding,xgboost,12.661538461538461
histdistill_density,catboost,8.03076923076923
histdistill_density,lightgbm,8.573076923076924
histdistill_density,mlp,8.861538461538462
histdistill_density,random_forest,7.642307692307693
histdistill_density,xgboost,8.507692307692308
histdistill_density_mid,mlp,14.73076923076923
histdistill_density_mid,xgboost,13.221153846153847
histdistill_density_strong,mlp,14.73076923076923
histdistill_density_strong,xgboost,13.221153846153847
histdistill_density_weak,mlp,15.615384615384615
histdistill_density_weak,xgboost,12.538461538461538
histdistill_density_xstrong,mlp,15.576923076923077
histdistill_density_xstrong,xgboost,12.64423076923077
histdistill_greedy,catboost,27.509615384615383
histdistill_greedy,lightgbm,27.201923076923077
histdistill_greedy,mlp,25.067307692307693
histdistill_greedy,random_forest,26.317307692307693
histdistill_greedy,xgboost,30.75
histdistill_importance,catboost,23.384615384615383
histdistill_importance,lightgbm,22.576923076923077
histdistill_importance,mlp,26.653846153846153
histdistill_importance,random_forest,24.653846153846153
histdistill_importance,xgboost,27.826923076923077
histdistill_linear_coverage,catboost,28.26923076923077
histdistill_linear_coverage,lightgbm,29.173076923076923
histdistill_linear_coverage,mlp,27.307692307692307
histdistill_linear_coverage,random_forest,28.826923076923077
histdistill_linear_coverage,xgboost,33.93269230769231
histdistill_no_refine,catboost,27.528846153846153
histdistill_no_refine,lightgbm,27.278846153846153
histdistill_no_refine,mlp,24.932692307692307
histdistill_no_refine,random_forest,26.35576923076923
histdistill_no_refine,xgboost,30.75
histdistill_no_weight_fit,catboost,27.692307692307693
histdistill_no_weight_fit,lightgbm,27.634615384615383
histdistill_no_weight_fit,mlp,25.634615384615383
histdistill_no_weight_fit,random_forest,28.26923076923077
histdistill_no_weight_fit,xgboost,32.15384615384615
histdistill_refined,catboost,8.223076923076922
histdistill_refined,lightgbm,8.419230769230769
histdistill_refined,mlp,9.146153846153846
histdistill_refined,random_forest,7.453846153846154
histdistill_refined,xgboost,8.538461538461538
histdistill_root_only,catboost,27.846153846153847
histdistill_root_only,lightgbm,28.26923076923077
histdistill_root_only,mlp,29.173076923076923
histdistill_root_only,random_forest,28.576923076923077
histdistill_root_only,xgboost,33.75961538461539
k_center,catboost,16.096153846153847
k_center,lightgbm,15.653846153846153
k_center,mlp,16.14903846153846
k_center,random_forest,16.125
k_center,xgboost,18.379807692307693
math_full,catboost,16.375
math_full,lightgbm,19.625
math_full,mlp,33.625
math_full,random_forest,34.625
math_full,xgboost,20.875
math_no_anchor,catboost,16.375
math_no_anchor,lightgbm,19.125
math_no_anchor,mlp,27.375
math_no_anchor,random_forest,34.0
math_no_anchor,xgboost,17.25
math_no_hist,catboost,18.25
math_no_hist,lightgbm,19.25
math_no_hist,mlp,23.75
math_no_hist,random_forest,31.125
math_no_hist,xgboost,19.5
math_no_newton,catboost,17.625
math_no_newton,lightgbm,25.25
math_no_newton,mlp,15.5
math_no_newton,random_forest,35.125
math_no_newton,xgboost,20.0
math_no_probes,catboost,31.75
math_no_probes,lightgbm,31.25
math_no_probes,mlp,33.375
math_no_probes,random_forest,27.5
math_no_probes,xgboost,24.5
math_no_soft_routing,catboost,30.5
math_no_soft_routing,lightgbm,30.25
math_no_soft_routing,mlp,42.625
math_no_soft_routing,random_forest,22.5
math_no_soft_routing,xgboost,25.75
math_root_only,catboost,19.625
math_root_only,lightgbm,29.25
math_root_only,mlp,44.0
math_root_only,random_forest,29.0
math_root_only,xgboost,19.25
math_tuned,catboost,21.375
math_tuned,lightgbm,21.5
math_tuned,mlp,30.3125
math_tuned,random_forest,25.5625
math_tuned,xgboost,28.125
math_tuned_more_probes,catboost,21.4375
math_tuned_more_probes,lightgbm,19.75
math_tuned_more_probes,mlp,32.5
math_tuned_more_probes,random_forest,25.5625
math_tuned_more_probes,xgboost,26.375
math_tuned_no_anchor,catboost,20.625
math_tuned_no_anchor,lightgbm,20.6875
math_tuned_no_anchor,mlp,23.4375
math_tuned_no_anchor,random_forest,24.6875
math_tuned_no_anchor,xgboost,27.3125
math_tuned_no_hist,catboost,19.8125
math_tuned_no_hist,lightgbm,21.0625
math_tuned_no_hist,mlp,34.9375
math_tuned_no_hist,random_forest,24.1875
math_tuned_no_hist,xgboost,29.9375
mvs_coreset,catboost,21.71153846153846
mvs_coreset,lightgbm,21.26923076923077
mvs_coreset,mlp,25.673076923076923
mvs_coreset,random_forest,23.076923076923077
mvs_coreset,xgboost,26.826923076923077
random,catboost,12.946153846153846
random,lightgbm,13.015384615384615
random,mlp,13.292307692307693
random,random_forest,13.580769230769231
random,xgboost,14.86923076923077
refined_no_conf,catboost,13.9375
refined_no_conf,lightgbm,14.5625
refined_no_conf,mlp,20.46875
refined_no_conf,random_forest,13.25
refined_no_conf,xgboost,17.625
refined_no_gain_weight,catboost,14.0
refined_no_gain_weight,lightgbm,12.6875
refined_no_gain_weight,mlp,16.5625
refined_no_gain_weight,random_forest,13.75
refined_no_gain_weight,xgboost,18.8125
refined_no_grad,catboost,18.0
refined_no_grad,lightgbm,15.4375
refined_no_grad,mlp,20.6875
refined_no_grad,random_forest,14.25
refined_no_grad,xgboost,18.4375
refined_no_hess,catboost,13.09375
refined_no_hess,lightgbm,15.375
refined_no_hess,mlp,25.8125
refined_no_hess,random_forest,17.25
refined_no_hess,xgboost,19.5625
refined_no_path,catboost,15.875
refined_no_path,lightgbm,19.90625
refined_no_path,mlp,22.3125
refined_no_path,random_forest,18.21875
refined_no_path,xgboost,21.84375
refined_no_raw,catboost,17.0
refined_no_raw,lightgbm,19.78125
refined_no_raw,mlp,29.0625
refined_no_raw,random_forest,12.78125
refined_no_raw,xgboost,19.15625
refined_no_refine,catboost,17.625
refined_no_refine,lightgbm,17.5
refined_no_refine,mlp,27.5
refined_no_refine,random_forest,14.0
refined_no_refine,xgboost,15.59375
refined_path_occupancy_only,catboost,16.8125
refined_path_occupancy_only,lightgbm,18.25
refined_path_occupancy_only,mlp,24.0
refined_path_occupancy_only,random_forest,15.375
refined_path_occupancy_only,xgboost,21.75
region_adaptive_refined,catboost,22.875
region_adaptive_refined,lightgbm,22.708333333333332
region_adaptive_refined,mlp,19.916666666666668
region_adaptive_refined,random_forest,22.0
region_adaptive_refined,xgboost,26.916666666666668
region_trajectory_refined,catboost,21.375
region_trajectory_refined,lightgbm,21.833333333333332
region_trajectory_refined,mlp,17.583333333333332
region_trajectory_refined,random_forest,21.8125
region_trajectory_refined,xgboost,25.604166666666668
sketch_no_conf,catboost,19.6
sketch_no_conf,lightgbm,19.0
sketch_no_conf,mlp,24.1
sketch_no_conf,random_forest,28.1
sketch_no_conf,xgboost,23.3
sketch_no_gain_weight,catboost,17.8
sketch_no_gain_weight,lightgbm,21.8
sketch_no_gain_weight,mlp,21.1
sketch_no_gain_weight,random_forest,31.9
sketch_no_gain_weight,xgboost,23.3
sketch_no_grad,catboost,8.2
sketch_no_grad,lightgbm,10.6
sketch_no_grad,mlp,19.8
sketch_no_grad,random_forest,18.4
sketch_no_grad,xgboost,14.6
sketch_no_hess,catboost,26.6
sketch_no_hess,lightgbm,21.6
sketch_no_hess,mlp,28.2
sketch_no_hess,random_forest,17.6
sketch_no_hess,xgboost,23.8
sketch_no_raw,catboost,17.6
sketch_no_raw,lightgbm,19.0
sketch_no_raw,mlp,14.6
sketch_no_raw,random_forest,16.6
sketch_no_raw,xgboost,19.5
sketch_occupancy_only,catboost,20.4
sketch_occupancy_only,lightgbm,14.0
sketch_occupancy_only,mlp,32.4
sketch_occupancy_only,random_forest,20.3
sketch_occupancy_only,xgboost,20.6
split_margin_refined,catboost,18.041666666666668
split_margin_refined,lightgbm,18.270833333333332
split_margin_refined,mlp,22.666666666666668
split_margin_refined,random_forest,15.208333333333334
split_margin_refined,xgboost,19.3125
threshold_witness,catboost,30.125
threshold_witness,lightgbm,30.083333333333332
threshold_witness,mlp,37.166666666666664
threshold_witness,random_forest,32.0
threshold_witness,xgboost,34.333333333333336
trajectory_refined,catboost,16.625
trajectory_refined,lightgbm,16.416666666666668
trajectory_refined,mlp,17.104166666666668
trajectory_refined,random_forest,14.375
trajectory_refined,xgboost,16.083333333333332
tree_region,catboost,22.134615384615383
tree_region,lightgbm,21.826923076923077
tree_region,mlp,24.317307692307693
tree_region,random_forest,23.778846153846153
tree_region,xgboost,25.83653846153846
